Season,TeamID,games_played,wins,losses,win_pct,points_for,points_against,avg_points_for,avg_points_against,avg_margin,strength_proxy,fg_pct,fg3_pct,ft_pct,efg_pct,ts_pct,poss,off_rtg,def_rtg,net_rtg,pace,tov_rate,orb_pct,drb_pct,ast_rate,fga_pg,fta_pg,fg3a_pg,or_pg,dr_pg,to_pg,ast_pg,massey_rank_mean,massey_rank_median,massey_system_count,ConfAbbrev,ConfName,IsPowerConf,fg3a_rate,GiantKillerScore
2026,1103,32.0291794142834,25.914326835585367,6.213465624345156,0.8038130297421413,2665.3240798548172,2417.910208265105,84.01160194213884,76.14932651954567,7.932041023437207,7.677214009142699,0.4701755349551303,0.36672875472058075,0.749825041257869,0.5533209966333843,0.5863818866053822,2356.821943825603,114.1061942490705,103.23317432270296,10.630297064883738,73.193785971602,0.14153833691943865,0.3117086268424998,0.7363825973435693,0.5856602564759974,64.29709998431305,17.301698666378968,29.003198792105877,10.047282566183267,25.005463326271993,11.637222303013093,17.741226278886096,82.83348957721651,89.81332051219026,54.98762198716493,mac,Mid-American Conference,0.019408446397406895,0.4562348768915896,0.7298152768821659
2026,1104,33.04348083357884,24.99052509483616,7.9753389427557835,0.7621938334776872,3000.7899995429375,2674.3216519826906,91.26438002572166,80.91720109100811,9.984851748283539,9.332012223044455,0.4830252359642358,0.347867134844218,0.7129493012117931,0.5636392768054529,0.5994746759889803,2547.0489469255162,117.66543315499632,105.19908929312093,13.076470361547639,77.31338821023394,0.1367406219015737,0.32756346466534825,0.7337959007647057,0.5379485378615746,64.06785108536592,25.778529771594734,29.96384467308614,11.01045054951719,28.321728844156816,12.074160686586955,16.679293542095177,5.805890045506704,6.060748827607592,58.006354907737425,sec,Southeastern Conference,1.0149602270669875,0.4600865049952561,0.7612082570309896
2026,1106,32.99356428194118,18.311457303765213,14.888918771993218,0.5477172805631089,2388.2079297433297,2372.0386663117283,72.10337310437009,72.31827455031471,-0.4447946577770395,-0.1941372962139503,0.40015232655764793,0.32868586784077136,0.6990513483481289,0.46989003775335964,0.5084068334312443,2304.6958477864264,103.30654470687415,103.8092935084172,-0.6093812375088925,70.06190057722984,0.11002476678091863,0.2579777319589184,0.7096307610628246,0.4507320994341986,63.02966692639793,18.55188390555328,27.009752796331387,9.31137035342308,22.52445825177151,8.670403782148572,11.546544714079488,254.49306026347972,269.1856039579646,55.04232812453865,swac,Southwest Athletic Conference,-0.005268456976046403,0.4246404818705103,0.5614045090846714
2026,1110,31.97233878063696,20.022950542832938,11.964269306316025,0.619470734947463,2147.3841227695116,2173.1982476450726,67.87098917887975,67.736600421022,-0.612553612390531,-0.58682576533031,0.4399899466976692,0.35226559466782076,0.7571968338139108,0.517849480338342,0.5572015119197946,2057.6574473783503,105.47955228485483,105.65986579701598,-0.3833933439243614,63.87657281920811,0.14033259107338222,0.2195447996272998,0.7389928326443025,0.5182125957215397,53.74451873589913,15.631736534757692,24.30498918586259,6.322522665048198,21.03454689435992,9.820501065267285,12.337820422035133,212.88698880879787,216.68431221338065,55.07564691270766,patriot,Patriot League,-0.0453965684946938,0.4482737338020381,0.5384863339828094
2026,1112,33.9947906645116,22.17312982605006,12.038705549725496,0.6447109186346438,2794.505990783339,2469.4105231458293,81.47124933514044,72.26620280990264,9.416352664781298,8.714773243929342,0.47248599190378987,0.3252566302642232,0.781899950487554,0.5309918170122878,0.5784923732853736,2446.0829690309433,114.35595688883248,101.60912039939667,13.035724044339254,71.3705109616502,0.13644403285707704,0.3386908289016043,0.7424708844597536,0.5654774476090222,60.957976531064546,22.165722797209412,21.421843075605043,10.564773297694202,25.730352595770167,11.389876159827923,16.293242114472136,18.77965320567463,16.89579102816553,57.979399205513765,big_twelve,Big 12 Conference,0.9888009146828844,0.34631065876027184,0.5519814726468293
2026,1116,32.88973797771333,19.912038786318202,13.028183337478408,0.6073737563024604,2531.869872235123,2345.5631527982828,76.60752635640019,71.2039642726228,5.626881223196539,5.631832130852423,0.4664474020985841,0.3340565688779952,0.7334276445967293,0.5271163643762363,0.5697206170254885,2339.6630437666286,107.67315910980668,99.7598449186335,7.524188008213689,71.032389016566,0.14533745609562607,0.2468354302100827,0.7369956501283748,0.5294986525890618,58.05697291769331,20.533588556659165,21.228935365290468,7.648329831058151,24.41758107676732,11.458074280993982,14.591096317195873,34.742789007966174,48.988704067215004,57.968074561823734,sec,Southeastern Conference,1.0102373970960632,0.36608112172485435,0.41765858110319887
2026,1120,32.905435730774876,27.79124772550834,4.8269179718563,0.8487461010228425,2775.8940221202906,2298.6918608816127,84.44913222017254,69.56810512271858,14.343644412524327,14.303949241515518,0.4826723349577798,0.36776379107718077,0.740233183617401,0.5575997366041439,0.5953076083378606,2305.64568349987,120.33358766792276,100.22314649179782,19.881454786819475,69.65957297609056,0.11228673969893119,0.3359516925091437,0.7291664048174852,0.5555014418452646,61.419156948554395,20.69002071325677,24.980970131333933,10.23609302414168,23.957708356229574,8.924440096317726,16.498527262714358,-0.7239851461677014,3.3105418197196883,58.03063062448105,sec,Southeastern Conference,0.9731887715557319,0.40592583442286534,0.662299156183105
2026,1124,31.91356572164898,17.8299747844784,14.01444331169945,0.5610451663487904,2410.0017935137816,2238.3169710844995,75.55158163618194,69.60259129793317,5.462994165652874,5.682494401499681,0.4464082947193184,0.34576853898945215,0.7445932080511141,0.5151405003404782,0.5573650212387606,2143.949775533152,112.85401981692395,104.01761905461129,8.669863780029235,66.86709273084603,0.12900119306917812,0.33374150659251783,0.7037619821280143,0.536382229703247,59.83468623502645,18.501575996604434,23.874206040812716,10.613429980652215,21.263026023660068,9.92012737735766,14.247588527995157,37.61090363383991,32.608268373515386,58.04275178498119,big_twelve,Big 12 Conference,1.015521384423498,0.40930599429342407,0.6520908189863824
2026,1136,31.93483304215373,20.872236476714633,11.036428123170825,0.6557346917759064,2579.5492194280505,2396.356789016871,80.67514517008775,74.4975388328182,5.934035404671982,5.515044148276833,0.45260320606509685,0.3325322098166022,0.7197900449129674,0.5099635043103586,0.5475787157555587,2380.950375583585,108.11862465370096,100.00595885856904,7.3056437386120665,74.36945878630381,0.13817259078778063,0.3338804532233729,0.7523981771083749,0.48329536789338284,64.87240981885932,20.06060632398744,22.438015678110798,11.806736649145902,25.893551542383424,11.740341326156544,14.224550538182406,145.5597166128605,145.6920984192409,54.96961120071115,aec,America East Conference,0.022335000756167477,0.3498972178771752,0.538803272421612
2026,1140,33.02612399404024,24.374973826121735,9.401820642787104,0.7260180341785033,2683.2251233342204,2338.408606508222,80.99085873220521,70.92186015646672,9.857271542293244,10.279707880295412,0.4806823697722709,0.3711998778168655,0.7030685864832601,0.5718344634468576,0.5986123387277218,2299.3407219877076,116.07173795449889,101.69626102171209,14.808030645644212,69.73239055417746,0.1450799153369163,0.312813441431135,0.7602288262890846,0.5990092989432237,59.74000313284065,17.772701232324632,28.747617055140537,9.314884881128084,24.245503432666677,11.468013713859913,17.29238729099342,20.45954647557092,19.866302717785555,58.05531802110483,big_twelve,Big 12 Conference,1.0031193250985277,0.4859060599327891,0.7950167778630644
2026,1155,32.94082977874871,26.855295801889643,6.299568097574294,0.8189414861001632,2521.4465644248703,2178.5783308949663,76.46762357628212,65.4530852702433,10.719812664969929,10.745580702896293,0.4628097310596641,0.37194662490378366,0.7651772190324863,0.5368426257406653,0.5735708386434547,2203.374414025436,114.43641495692434,98.57073781638081,16.501070295927967,66.93550474294823,0.13166392729394724,0.3223609128079965,0.7187598177750254,0.5220102163390931,59.40729740605237,16.72360558453609,22.588339383542394,9.797926308132187,22.625121167614562,9.935910578156815,14.434864923243767,18.467680446035992,21.1133842991795,58.06855917230497,acc,Atlantic Coast Conference,0.9246697153791504,0.3862800695082207,0.5821623793937195
2026,1161,33.97528826110443,25.147717160406632,8.863811587939466,0.7426212468911955,2560.4625633835976,2281.7880349106895,75.22216441774718,67.23792744896986,7.8254546140019725,8.685259561454309,0.4807249445563363,0.3671717328491401,0.7741574102408879,0.5594063503768469,0.5984745785117384,2277.3022773066255,112.22681617673423,100.24242752784791,11.893754452287435,66.98310950349521,0.14694821598368793,0.246253258379576,0.7647890490414248,0.6279226802973156,54.96693691217004,17.38187181024155,23.47866572209072,6.837992139872143,24.630993407863627,10.821509767440848,16.618907631116272,47.78789114243495,43.788721267061376,55.090402490975,mwc,Mountain West Conference,-0.03142482956830645,0.4318610120057175,0.5419237842626804
2026,1163,33.08490050143167,22.84093076189097,9.954129986906587,0.684189309127007,2556.8401656426886,2237.8370458047434,77.35453688364952,68.17063824633011,9.464455082272565,9.45855183297211,0.4810102053638167,0.35575938756328307,0.7905769595444893,0.5572805218790983,0.5962215057073046,2180.81503192562,117.61834324608066,103.41506509840346,14.338014917440326,65.8190355586948,0.13204390107571856,0.3466234998270776,0.7667535124804737,0.6401447124287011,57.36016582868311,17.45061300177757,24.34053836196435,9.677901158508247,22.893116613809713,9.985371357249557,17.507922056694838,35.89213098125479,32.923383841820005,58.12446103911015,big_east,Big East Conference,1.0463764279297938,0.4253661964233068,0.7150859043018573
2026,1166,33.97671926493851,24.164115792499224,9.766416178640782,0.7047029836130243,2548.929887630238,2358.915606010025,75.0550582211692,69.61095266853131,5.523681517886737,5.793459754440159,0.47366036825285857,0.3388110707477138,0.7332090131276459,0.5580751276164235,0.5884661983208462,2321.1201717128756,110.47088085030661,102.02475946311158,8.105977302273262,68.15188949089118,0.1525306354172839,0.25968743233479946,0.7476596260772453,0.6300053437832973,56.82478846718858,16.194968719116833,27.658160810428974,7.53351204793001,27.240265237796937,11.51149812668967,17.099392270508382,33.653163290631106,34.788881721763225,57.93936130846133,big_east,Big East Conference,0.9865620738756168,0.48496297877909617,0.696298227594259
2026,1179,31.048194333269386,28.067817049230403,2.9057157021241133,0.9041047302570622,2128.450096662143,1839.3357562481606,68.8091738948534,59.85979462317362,8.678010443041659,8.930034956095136,0.4719715169941157,0.34890227424949816,0.7056495050079897,0.5389282207266551,0.5814132795102476,1870.9545278730927,114.32540727521868,99.63684471764782,14.716370718915135,60.259277618165605,0.13960509729704623,0.36258169700404086,0.7710654719222936,0.5386124669219673,49.74321365862251,21.082930572577,18.457393922313674,9.166124519942986,19.107935185526323,9.576242756489396,12.768199980474256,45.575029482888425,51.43165865251794,55.000972707214295,mvc,Missouri Valley Conference,-0.04878486061295793,0.3676365636937137,0.6250495111251081
2026,1181,33.93899100772868,30.97240500491716,3.0503745434982616,0.9132385747567534,2810.397632367068,2097.403062327415,82.5089855797467,61.97453823890926,20.955360892309006,20.978617333658427,0.4881545337733294,0.37682113643421167,0.7857473284563518,0.5722828879817287,0.612888784452,2272.9936398213968,123.40073333407017,92.36450788256384,31.296729941908406,66.88100077051551,0.11876623536257093,0.3400096485334645,0.7713472380628943,0.5811122707061086,58.89400110946991,19.001565868013497,26.676609329638197,9.847092244399388,25.798886724354958,9.216161434306224,16.650201470820633,0.14385816768133042,-0.8147832808350071,58.00078930289501,acc,Atlantic Coast Conference,1.0303714827431685,0.4557866569397835,0.7620043899643894
2026,1188,29.986575298809623,18.992818840618465,11.192469463370161,0.6314814263877745,2122.027850239745,2035.9375894707616,70.75390001397507,68.3976416440049,2.687917877647381,2.7745324411419126,0.42873224721981706,0.34037852530520174,0.6788029951975169,0.48938563416133873,0.5244417078134308,2048.4417997181968,102.87282952285719,99.6758841554596,3.8430081729272496,68.21519669657722,0.13889493044667384,0.28822065585729373,0.7348958219012303,0.5164796869843953,58.743142522793086,19.648906536427546,21.7164411289784,9.601579303095246,24.07489304777752,10.793267467076028,12.77361660827909,207.9335483077726,204.42453615701865,54.9931360317462,ovc,Ohio Valley Conference,0.0003283788510156962,0.36004446678725255,0.48202260190255697
2026,1196,33.93791903319032,29.884645647663646,3.8836290138607326,0.8736055420859895,2914.503930049615,2360.873722109768,85.66271030388918,69.21684986389695,16.03778073219848,16.459219970364618,0.4743901239320868,0.3548751608093926,0.71464419980449,0.5511710354767831,0.5829015986231265,2413.723819126671,119.7112028081149,97.61924315424262,23.288864665999725,71.21797061776927,0.12390529592455615,0.3698380964985636,0.7347584821624837,0.5183525873636267,63.662407583410996,20.7936299600462,27.839504084808713,12.431078965614358,26.87048464778747,10.247760127361396,15.90147046132966,3.3464619971870677,3.745618794978168,57.954559417636595,sec,Southeastern Conference,1.0271675789887833,0.435474433856811,0.7865768238139818
2026,1208,31.977845249988068,20.078584814981095,11.895589968712281,0.6266332167247762,2406.8792565348817,2232.7191564664236,75.64725126192485,69.2474678545313,6.577803567167031,6.13223952375649,0.4640303000994259,0.33416143094034456,0.7136761561808429,0.5261531418404514,0.5690679334508062,2214.5893014470566,109.28562860577718,100.71709636790246,8.884906789641903,68.87729218870062,0.15579793055829902,0.3420757305104856,0.7051781486073547,0.476418204525362,56.661071947872806,22.56523371967959,20.824029062470068,9.882406888561098,23.120062520429435,12.328978878491284,12.245327856654496,35.959785224995926,35.99773480707061,57.89602855711473,sec,Southeastern Conference,1.0068096850109534,0.3662042411055414,0.6013261092359288
2026,1211,33.054911505813735,24.91984527952372,7.657265558526079,0.7661769042359893,2857.686683070445,2286.17706725132,86.57017574382778,69.47678632215465,16.900462003171565,16.90164677296772,0.49916786661618145,0.34453365544326947,0.8009046442436353,0.5573908894197299,0.5993443411201322,2385.310127728689,120.2253529521682,96.5072250352892,23.953842060496214,71.99660156522637,0.1126384177404093,0.30392913964074786,0.7682595297524967,0.6216163233301333,63.409526595790155,19.77042675493506,21.095663482370455,9.291217353808712,25.585487440850976,9.105575514100625,19.68430511022857,18.31160258713859,13.605418275853078,58.00648644466437,wcc,West Coast Conference,0.011274762467817397,0.33856504067832327,0.4415297326380452
2026,1213,31.887125018511306,24.784084276344927,6.974036465211399,0.7736123091646552,2527.5638408373384,2232.360175698634,78.60496823725656,69.43764392794237,8.851002731162811,8.735526448800968,0.45837223716572756,0.31570668180496136,0.7346610121402328,0.5133780170416331,0.5650463561513624,2335.3174031366443,107.86962358564602,95.22914247108145,12.14759416036228,73.13565952347567,0.15302623112897762,0.3062267334363119,0.7387659204281755,0.5206509001580467,58.25812692665969,25.572304344530174,19.835622500758546,9.50946574932374,24.473280943339123,12.655345054375536,13.896447376471688,85.06578777094306,83.30917895687666,54.94622436061336,wac,Western Athletic Conference,0.008925442147789984,0.33773453396185865,0.4509713237335702
2026,1219,32.02838822494373,26.774864948988906,4.830425245498112,0.8480513347114614,2607.1880282806696,2248.0993737958142,81.64737704133066,70.26770362074197,11.24824426144489,11.366132444442785,0.4927018153834587,0.3654262458318347,0.7638501178611944,0.5647333323238841,0.6081158407033742,2167.608087555682,120.52087253660244,104.36821797941178,16.76841588600042,67.82471104744064,0.1267902120276975,0.3292338857317155,0.7257543196291599,0.4508065413112454,57.70063338538367,21.642758502149206,22.710467104874446,9.593228021936252,23.336563134083683,9.827412388440095,12.893588127368002,75.89189959381613,79.25212436976422,55.00601850764399,big_south,Big South Conference,0.017149402159876793,0.39201245032524723,0.6185935456062608
2026,1222,34.015535277272335,30.030404919959377,3.9154947825283357,0.8807170866737213,2514.3616251140115,1992.060473744191,74.42220433219798,58.28236435096822,15.595319156052023,16.073758592106913,0.45794254914380705,0.39804072120981454,0.7406266156656974,0.5281702862327503,0.5610559766657399,2175.153601665476,115.86872145832469,90.83344573414745,24.35662180897309,63.9845731592598,0.11751061796814126,0.35694615188470996,0.7472491985635885,0.44259040759762736,58.97191641029859,16.26114974479404,20.31223814710015,10.6300398453513,21.988071474059552,8.700339106238287,11.928214500678289,5.986061521144465,0.5272253819643575,57.94442651833811,big_twelve,Big 12 Conference,1.0559960217051791,0.3462462298034592,0.5822344274120043
2026,1228,32.961174160653506,21.278189481009985,11.860041948292245,0.636058278661422,2768.1253836303385,2460.878708304164,83.3947147600543,74.59109236101514,9.31854514305331,9.108474752198994,0.44909899559110716,0.31102350473638385,0.7596235826510501,0.5235289416010881,0.5689170674657782,2420.25239790308,114.22164086247533,101.37614104709279,12.53561988294421,73.37367453504366,0.13213892000213973,0.3583665501997438,0.7624488635421169,0.5191590252885433,64.00314302002842,22.235358839665984,29.845000962932797,11.738423624157933,27.905281233667257,11.245799945082883,15.026326370658692,26.45807057840693,21.266278713968973,57.923037163949004,big_ten,Big Ten Conference,1.023874490612308,0.4693803654948203,0.8263266400473362
2026,1235,32.90550464676147,24.028185821285035,8.98495450615347,0.722029937226653,2660.8709220677506,2230.3387599911166,80.28603551580254,68.13140097262973,12.182529937115932,12.207079109072815,0.48162813583714237,0.35813451876106356,0.7590896472080328,0.5452035163811636,0.5916801358440463,2324.115908637612,113.55086618818281,96.0571372185214,17.344136894367775,70.88571242868127,0.14523184407222056,0.30565131127833955,0.7362189568668042,0.5351356409501714,58.015685868841224,22.348833564521282,21.457967377309597,8.849409880263913,23.71168033511954,11.56497933918385,14.996220344808869,12.466149689073761,10.862068927787957,58.01639806251173,big_twelve,Big 12 Conference,0.9611436148139094,0.36911335091080844,0.5236944480263771
2026,1242,33.00471343749467,20.979099412884203,11.719444355123544,0.6346982493643679,2515.1200395856804,2293.940485949215,75.75179550602779,69.28355781504531,6.846409873028769,7.010340145934855,0.47296248607752145,0.3518248132728965,0.7091916680368516,0.5318432781431206,0.556780329663752,2322.220811080075,107.97155359334026,98.24818332452833,9.556385778134619,70.30090156395886,0.14131189650032955,0.28390421095140267,0.7460224010175567,0.6031899646945906,61.58965051032663,14.86753763126038,20.94168599065239,8.983102961957043,25.942363556267413,11.348883748901557,17.70673716320045,18.555526928943927,27.825366774074773,58.01056268864604,big_twelve,Big 12 Conference,1.0109822312774834,0.33950525684411104,0.42784615294873735
2026,1246,32.96539930928188,22.05035416738097,10.765841055473912,0.6731400929192913,2828.961762903613,2564.8249324268454,84.9573347104718,77.71666765029335,7.732046743746358,7.368727904835738,0.48313407757341137,0.37249300986527717,0.7359726657184844,0.5565748255641102,0.5996309081602224,2418.3693720151296,116.48109429613856,106.32089915700492,10.356869407710084,73.07906824025963,0.12986875487106472,0.27054032525210586,0.7544146308833536,0.5696704156085608,61.799570311201435,22.107468355772493,25.93107324072961,8.479974760006458,25.922606186109707,10.495966061612922,16.911756433233926,20.594168013225058,17.105647241460876,58.040542759080175,sec,Southeastern Conference,1.0280660082977624,0.41158149229415525,0.5497697439767375
2026,1251,31.015204661912687,25.230079132696513,6.33985472360458,0.8093528793329254,2314.0012860636466,2002.433113131257,74.67019789250882,64.93257088828518,9.377847553524623,9.827960511022678,0.48930263990563505,0.39470106852020104,0.6519574276734842,0.5849223161924031,0.6028929559050178,2083.2729334862765,111.56537304234408,96.64734495054421,14.585832854963167,67.01921101510146,0.13542463863709447,0.17818597655884336,0.7416701648123911,0.6092229335546911,54.30733687289093,16.6978462436055,26.000509009403377,4.889666866232321,23.63431678820854,9.619452112229968,16.218345213436404,62.53225564472693,63.01114510651812,55.15298412940743,cusa,Conference USA,0.02957124794319517,0.47747697129889516,0.5111952907636808
2026,1257,34.00142796929182,27.03864875063384,6.794511100637639,0.802743498410318,2680.843973452635,2333.849529764572,78.79522453263924,69.06835285396569,9.131452998017068,9.167821617208356,0.45522904383500096,0.3315723086044215,0.7447519795390601,0.5294203470208307,0.5729163913899366,2384.2508592111485,112.48361498283697,98.97712242100454,14.114627796763635,69.56303773846476,0.1384730090140664,0.3079424328881877,0.7497155648821496,0.5179613063468771,59.29431586874408,20.40146836443262,28.544690279907417,9.563707817012217,25.069360494957266,11.106130005945165,14.085573399506828,12.069441919812189,21.146034067909458,58.01940692653303,acc,Atlantic Coast Conference,0.9895109060713313,0.48149427745398626,0.7744359894372176
2026,1266,33.104671235446105,22.927606696184,9.824939173328682,0.7028324874180705,2542.821424102518,2256.4033782156657,76.71242598865547,68.51164523471328,8.697224313278676,8.146590766380156,0.4460802492686125,0.3232531909814272,0.7251989842193279,0.5185809582240857,0.5503922662085825,2275.2338776330953,110.81851129994708,99.08215262595473,12.572815208043428,69.13512167304664,0.11412088696144487,0.2787073153980535,0.7188067768365425,0.4916864414215095,62.47920580347086,16.38233517451014,28.549362740448547,9.214874303481684,21.776888273142692,8.855547936266746,13.702550717393718,24.95314964126416,36.84993009733333,58.03394987966123,big_east,Big East Conference,1.0286429183729584,0.4659799366222624,0.6945641416203402
2026,1268,32.98435885915695,25.194895564679623,8.293194592551762,0.759762140447661,2719.453803177268,2214.6600980752946,81.31925015219727,66.86172954051679,15.242528695876187,14.489928378718684,0.47216823795590135,0.3695943791135228,0.7544787380846383,0.5383673654414642,0.5772066828143991,2356.158666541866,114.76042745992235,94.07140489014843,21.113085507042854,71.35037289582019,0.12137022831216007,0.2903942923910759,0.74683380700215,0.5006917506947881,61.42841693609693,20.127965494560826,21.751659147230672,8.936136433808679,24.834649484980584,9.89664325822423,14.691963126902058,16.01302039695471,6.318116771188331,57.9245836889231,big_ten,Big Ten Conference,1.0228107442644498,0.35926117532045704,0.46676868796216686
2026,1270,30.933117643384364,25.0755342863252,6.4636854004768125,0.8151353392850637,2332.844617156096,1985.3812378540244,74.63710716305643,64.21291679658587,11.134261077335255,10.701666385437923,0.4684652587767327,0.3542052517323241,0.7029567734621085,0.5332910992867631,0.5695497119606363,2041.3527656824147,114.4878228386101,97.90290480256448,16.938222244417428,65.86042053509442,0.13259971731499107,0.3398093268877657,0.7047109329708927,0.5007793008298473,57.22034802208517,20.524089048159777,21.11010137015915,10.419231979792562,22.56675628033288,9.913830713521257,13.466323135758905,63.31956202434229,61.54545668250953,54.909931983208146,southland,Southland Conference,0.06325143423318937,0.37135672375949846,0.5855789188106544
2026,1272,34.01171510143999,29.270555080738344,4.8130031734811185,0.8551270936691879,2703.9514426422998,2492.811315812578,80.02138901941909,73.2751019773926,6.474256662564055,6.694090557905018,0.4741101427153547,0.3797050719808624,0.699317644511171,0.53504165293279,0.5747653569023848,2456.760004474801,111.03355202704468,101.37034629190012,9.68465066943325,72.38480005308872,0.16086409813246852,0.3408554160848312,0.7015874446099422,0.5180764103771686,59.1148173699066,23.22894277219844,19.870637065761823,10.849808793594455,23.438263562459433,13.395944466918117,14.674323969300854,30.23521739596451,26.451684175210282,58.11077899210156,aac,American Athletic Conference,0.9815594309242155,0.3288251602217948,0.5189005028211829
2026,1276,34.01437609449727,25.03228052386902,8.941222816872743,0.739416991910293,2677.853937726795,2425.0958146174535,78.8243665897833,70.92861886817485,6.959277228901499,6.8226891822403335,0.47468536768756936,0.3341620674702885,0.7268846214673508,0.5441375382089151,0.5822776153610976,2444.6461776190317,109.1033140728787,99.38820773851722,9.582639919998906,72.19943532931539,0.16963662650935554,0.3092438946000761,0.7313191834829527,0.586219368240795,58.320174034784,20.26625765900609,24.912857388343046,9.093037916553579,25.962139227213278,13.833823448058592,16.311622467359463,23.26460951623119,15.171668668000748,57.93536754104763,big_ten,Big Ten Conference,0.9875243550434867,0.42407016750731535,0.674106838410965
2026,1277,33.08881865248336,26.784284535131018,6.054516578514892,0.8167050763806479,2574.1915120868734,2230.2967029028823,78.25207131142415,67.22802781294773,10.844436642646677,10.863663825330946,0.46175507345479283,0.3076754513487496,0.7801175997306405,0.513109507781445,0.5658831495232816,2295.2903068738533,112.29083224458537,96.59211441151393,15.695099254769016,69.50979734675788,0.13493300933216193,0.334112157000603,0.7740953940190959,0.6175232778432136,59.29228094023593,22.675770092503093,19.139079378151322,10.352808364739747,26.144654134834855,10.848750485216335,16.782928902981325,4.997948731019392,3.917851232086154,57.92693649193636,big_ten,Big Ten Conference,0.9924733381461549,0.328414569758043,0.4938573326110067
2026,1279,33.05457190522265,21.75897054965501,11.275921971111986,0.6669980240932825,2548.1333678339993,2364.0678687540235,77.05243102305235,71.78276501741236,5.411643979913875,5.705950847938266,0.44258553316034477,0.3426946608074906,0.7372548451502381,0.5102748163148192,0.5556201593969763,2319.622887230227,110.08362440319699,102.03858792871385,7.5640399457720955,70.15229977268156,0.11009111089929308,0.22475282399202615,0.7193410392129068,0.5355683954220325,60.45378487983412,21.54140109379009,24.199789647745433,7.308127677115671,22.185908212504962,8.647037090765691,14.093694729344405,21.607731409029164,24.003880343727943,57.99726354655996,sec,Southeastern Conference,0.9879467273429428,0.40832706747299036,0.45598150812304705
2026,1280,33.02332040636728,21.290844992515698,11.842485149923737,0.6328908926551766,2645.7578467742783,2434.367223151464,79.86511397632904,73.96098346909491,5.35455985408278,5.5507043998377865,0.44936606204528406,0.3106551722373189,0.6999158196522923,0.5200514090587399,0.5517462158829438,2334.890270145936,112.82752851093723,104.51798029089343,8.449495143604826,70.90588683882643,0.12392315308952115,0.3189476388892144,0.7292726472118823,0.5339213727057303,63.31760063466003,20.103676013208354,27.011055269543892,11.511140633193333,24.094064916553467,10.146759256711048,15.187344483674218,32.57225105178116,27.955713389703654,57.993687617658665,sec,Southeastern Conference,0.9781167318398594,0.4266593035766747,0.6873833298016132
2026,1281,33.09562226240196,22.3036592536073,10.960850558834585,0.6715941888820606,2770.1670194110416,2446.1288291144397,84.09361270058149,73.88868868380426,10.736976385341258,10.3732123842046,0.485374190266088,0.3700816238711891,0.724797778457876,0.5619725396151494,0.607267502674431,2314.691812906848,119.92212602680969,104.26463105050136,15.175061250233453,70.51356056385215,0.12981059406953496,0.32578984451516335,0.6964537674647941,0.49847720539981627,57.68136251659609,26.907278593756818,23.673916567141855,9.736977709369079,21.42543772883942,10.365578521738572,13.905196542419308,24.245457770162652,24.113762307220327,57.93683541751596,sec,Southeastern Conference,0.9320730792555472,0.41775027839899304,0.6536679692731576
2026,1285,30.922318056366663,21.968373989424823,9.12407289204129,0.7038101886163418,2325.8504741464367,2312.164509637781,75.38286427844,74.36932623270216,0.8926733544703986,0.7613282135672422,0.49588318064268444,0.3670792406689035,0.7476873304736857,0.5640983395821061,0.6033417461054823,2102.31350588994,110.89722468061852,109.2414403993517,1.063363681671766,68.10281127780226,0.14393251985219963,0.19979464819179607,0.729318997796078,0.49075034871047174,54.27338426704012,19.479156543371325,19.86970233461156,5.328832710673536,21.542912185092487,10.468103174462744,13.268562710039445,130.20886784537407,128.17185779272324,54.978655548861646,big_sky,Big Sky Conference,-0.01068811615356385,0.3669990055613499,0.33220951444321994
2026,1291,32.9581942403697,20.93249365319219,12.06939415497422,0.6402592621490958,2277.1773319226204,2320.5340238368262,69.5381532039692,70.31327208768273,-0.8527194815683936,-0.27815601599713524,0.4375999176755734,0.3474921945609732,0.729129897703366,0.5122268749474406,0.5463271114057848,2273.350926470105,101.18472139465388,101.48738048311971,-0.35424944973564587,68.59668866021217,0.18325098237511747,0.28856603620656934,0.7333888056167968,0.6058125666344173,55.908393458623486,17.312614954475922,22.892323358508367,8.65246539777745,25.293600502163695,14.162954433370805,14.826962518697522,211.29619750927628,207.59905626098603,55.086041489304506,maac,Metro Atlantic Athletic Conference,0.00908154272770507,0.40776917753558345,0.5788835454879467
2026,1303,31.93945116329909,20.25746354273916,11.939960741570145,0.6240506744416484,2479.6569816484594,2434.2793390564934,77.73009136802385,76.2330329699591,1.9391899968210167,1.5607928306122354,0.46562763459375833,0.3667340562736657,0.7311543561876682,0.5350622799971019,0.5755406251111049,2221.567612584632,111.75759232216407,108.85402657577056,1.8449170474873495,69.81971793127131,0.13430990683697852,0.27255404406367656,0.7792237608715724,0.49816192109653057,58.08165852573091,21.161158161843066,22.42060160753423,8.587888090953781,23.96920782028012,10.419366826433038,13.278572544084593,152.16004650958283,152.6878128455646,54.9435901576075,summit,Summit League,-0.012127027274939509,0.3881414448885941,0.513852893805829
2026,1307,31.974527149841716,24.80497107909894,6.978640165173585,0.787082093540543,2563.618723911851,2263.878273089914,80.15160422593473,70.72777347299595,9.651176451600687,8.981812261839048,0.4546172979396134,0.3396799515786244,0.6846217279291317,0.5065404124963364,0.5436076331792457,2363.864758187332,108.22334059228365,95.39032105803696,11.747784166584257,74.05334734461354,0.1303023716898719,0.2885242886876859,0.773512209250313,0.5185011146760073,62.81529859590337,23.706863784404355,19.890993627850396,9.93937417805709,25.167472134061523,11.012409736542212,14.722100303160971,38.639951513012164,39.50454142345794,55.902459716394276,mwc,Mountain West Conference,0.047585930375788586,0.3187661387023727,0.39411998819856564
2026,1313,30.910037870603087,20.84237538898497,9.780549269129423,0.6811582227542831,2327.507000306083,2204.983366434723,74.98291643394803,71.10922812982211,3.9098114795093384,3.9971371258202066,0.4819485669483904,0.3114578434837242,0.7499397579833428,0.5238459672827088,0.5725264973670462,2114.5218598142565,109.8416784672187,104.419317362842,5.938646212715661,68.10286656450715,0.15347924566653648,0.2947585794790615,0.6747825470234654,0.48928447900427086,55.839013629110624,21.770160554433268,15.431731050945611,8.108175692310617,21.748734370051043,11.661684143879041,13.120641996703268,161.24120171318924,166.75869788626892,55.0659701975456,meac,Mid-Eastern Athletic Conference,0.0003288760364281235,0.27669263998576427,0.30582906441791996
2026,1314,35.04150512574367,22.11333527838105,12.961984463207152,0.6376371319186127,2830.902474773091,2640.68861146932,80.95453375152434,74.46107051051564,5.752373796904005,5.778529127416142,0.4765477009772784,0.3530129017680344,0.7380881616893882,0.5416644210347448,0.5810746654465462,2519.821391908264,112.48858575805288,104.36447098037934,8.134445618726543,71.96169760187854,0.13050560650829662,0.2621461602433294,0.7494859665767531,0.5096779510975866,60.32857856049392,20.971959032632515,22.26188848699871,7.9123489738158,25.42351638952599,10.492420171211874,14.75666096413696,35.99863318502803,41.55119650218159,58.034454852877786,acc,Atlantic Coast Conference,1.0317430071429587,0.36985156249214923,0.4347613519013077
2026,1328,32.98547844251443,19.93048217201726,12.957481193104698,0.6096994166749958,2587.15779741615,2487.766118879561,78.68931589749945,74.60360084061683,3.9679232092836996,4.1462588787342,0.4733193841634006,0.3713132142552855,0.7944158446161804,0.547830015023678,0.6030216216488019,2312.2717528404855,112.9455360749588,107.15399308557441,5.7948146187342555,70.01336335972339,0.1494363962026868,0.24765985758124934,0.6999221539724917,0.5234852231594737,55.68166205804799,21.90229354348705,23.33993194959723,7.0601858485061,21.98151933883529,11.339152375164742,13.942335731046766,41.81802234243189,42.279306041490955,57.95657117226632,sec,Southeastern Conference,1.006427640025049,0.42282738475339765,0.5359692693029351
2026,1332,32.90388741368633,23.99909767757951,9.037057245832342,0.7194449291320912,2490.7305696668695,2341.5934737844314,76.41971867126371,70.87717929420887,5.4117062573452,5.2696446292378845,0.45685908692381505,0.34216782923478894,0.7629031865937215,0.5221807539328495,0.5679953204713741,2295.1286365433516,108.76748800641913,101.87365463576505,7.126482945685154,69.65749979608094,0.136235621168545,0.274878974940385,0.7188217041299569,0.5453698244593538,58.622784723038734,19.508196276846466,22.546159387919833,8.300758409308253,23.31014167813972,10.539593325144464,14.60722445314997,26.394762981533585,18.308647752543024,57.889267370063045,big_ten,Big Ten Conference,1.0203191810715626,0.38514841856434817,0.5163084439638391
2026,1345,32.93363508677808,21.971206163715543,10.911362764145279,0.6663332808513622,2570.571026618579,2347.3702416004617,78.25543899021037,70.8638595276364,6.39694122269675,6.946376030965222,0.49026397150424894,0.3841155816393844,0.732976318491381,0.5624687618515641,0.5987974932128858,2210.0985967042434,116.41711704824652,106.74413382021744,10.168669133902503,66.78344638793006,0.13119996844291618,0.29619277884536016,0.7107213104037204,0.5776991948215882,56.21160191604352,19.665090371118456,21.444231187107423,8.268052108833364,21.361225801544755,9.912900583794652,16.019768015681993,22.10140890224953,15.667859257585949,57.947885335915565,big_ten,Big Ten Conference,1.0068658149911736,0.37492956683003176,0.5288869445493667
2026,1352,33.02048714833232,25.059470716560124,8.07526350198772,0.7517398792068581,2529.043626445612,2353.2059652524604,76.56355586650622,71.18159340765655,5.794709608362928,5.523764261282285,0.4480270041345602,0.35138192473426355,0.719139321491619,0.5144579450204869,0.5569186594927095,2329.105117448814,109.05291458920256,100.9483597985626,8.86126655539121,70.04475201604143,0.1519579355253807,0.34879373491687415,0.7441603731851212,0.6065654563350324,58.92963302025028,22.457381022951935,21.690613251556503,10.994106686806882,22.806739794563935,12.196309704456464,16.018284572286056,125.98344551283209,118.21414479896478,54.99617134847346,horizon,Horizon League,0.033654812161829965,0.3695900103277194,0.6049143775449628
2026,1361,29.05476894707319,20.247956947985315,9.161642231383508,0.6870744560664767,2030.826204232205,1852.766367219243,69.65681144722133,64.56090588552212,5.635936896702713,5.7214081561076755,0.44253641391609305,0.3277337639691909,0.6708559688311944,0.5067031980251288,0.5383098103537968,1939.936817005191,104.54366456221722,96.16794066849674,8.845700997723789,66.82115754513349,0.13494707104615156,0.2729068463323441,0.7153695934001029,0.5072732882777182,56.99944877035742,18.2165848278104,22.484624175461715,8.254619053441667,23.412020147664,10.129341772200558,12.637661826216165,49.35547296501112,50.05762452283356,57.08158300283173,mwc,Mountain West Conference,0.001375401416176496,0.39193086506974356,0.5236445141329901
2026,1384,30.130480112092393,13.015958398943718,17.024808483194086,0.4408583258248037,2047.3745678909938,2206.8490242216626,68.30886686905203,73.21749062894786,-5.049265578471326,-5.514258966072979,0.44574849641642406,0.33631715209037993,0.7248580900253097,0.5153119765381301,0.5443371693323574,2050.1612705425027,99.78846503906027,108.02993043735287,-7.970920116877502,68.37831877531339,0.16911053101159432,0.2368503713685546,0.7104026295777512,0.5040215834883555,56.43209328366214,13.359440164496473,23.584598675086998,7.18239850333891,22.308951682878668,12.63882989471706,12.614911619709021,288.16580620194844,290.5950898139532,54.927451750003264,nec,Northeast Conference,0.012198302677538046,0.4186439511379761,0.5011159453239432
2026,1385,34.19041178897388,30.113443094549897,4.0561447641644435,0.8855274692851441,2677.452333584418,2239.7787738378456,78.6616388201526,65.70500022807623,12.784185919759564,12.54887451138753,0.44958333985896176,0.30359498538810026,0.6867820385741481,0.49673229986691453,0.5303867225368474,2462.3725401311017,108.71594926314225,91.18256310788959,17.62635529711511,72.22423388436687,0.12429707366973453,0.35588684941183535,0.7365658566082226,0.5362306054414337,65.254472266185,19.779270883678905,19.787361855067783,12.20419372362574,24.257092307679653,10.553934014898454,15.759095104828758,9.670107317424396,6.442839065732386,57.99408462654933,big_east,Big East Conference,1.0090071628387138,0.3028788023936032,0.48347225612804023
2026,1388,32.027080358966245,26.638819915915786,5.008484264629094,0.8402697543195297,2355.9857882841507,1966.6851145323765,73.69959874418822,61.424861769136534,12.376755428131753,11.646829438808265,0.45416150175216463,0.32665114074419466,0.6952631652245078,0.5089457365984615,0.543974159838357,2073.518998561742,113.4528989517738,95.2130746451414,18.46232906354706,64.48641375607141,0.11771663885398596,0.3948165481830566,0.7776267623191879,0.5711580995314343,59.52528132519215,18.605415505439474,19.827284647873153,12.250028738574512,23.764561778453995,9.050256554815586,15.281996832781724,23.304707325538175,31.18480742617334,58.0472519923725,wcc,West Coast Conference,-0.0070881807963968846,0.3329911924005473,0.6205238786897683
2026,1397,33.93533678205777,26.991417249070594,7.000013470202963,0.789069955126243,2543.4080434613593,2135.8715127224805,74.63296875264662,63.37060377221592,11.456560818104554,11.860784679484883,0.4547523141943788,0.340594755381295,0.7415425368829114,0.5287603642443467,0.5700955317020071,2246.9062271538346,113.10856133202537,95.68487678846512,17.04371725447796,65.88104501654452,0.1275830480137896,0.3344818325051021,0.738555202957299,0.6017918825713259,56.70247565715302,20.25207146572989,24.074839960747337,9.784541970669272,23.824548311405017,9.582509006800537,15.647897720139254,6.391884385715196,7.824952578237941,57.83333997456212,sec,Southeastern Conference,1.0099574495173267,0.4324268940778426,0.7350577112287351
2026,1400,33.86067745090062,18.851447602972662,14.884830227234279,0.558986764166562,2672.568741312899,2442.4031247967073,78.77761953197998,71.97642740216376,6.338537021839741,6.126606498779968,0.46371830107642875,0.36325479137507355,0.7473426397893059,0.524411921906089,0.5715649448977068,2370.491664891699,113.30188063093335,103.68192051841618,9.00276149293103,69.53322395472188,0.12106549485687583,0.28949306438433986,0.7223464725545831,0.47252241915695464,59.09551007755766,21.713321561377604,21.01754342229355,9.1616562585786,23.582024934150294,9.407970902997327,12.994018729317746,56.376012461293165,49.41372753021471,56.072352577194124,sec,Southeastern Conference,1.0549376780393729,0.34981973218626017,0.4593619226217111
2026,1401,32.017494105870945,21.785280951084367,10.050516480316348,0.6814422751796261,2370.5968602142902,2156.268071537502,74.34290282136661,67.99023929790323,6.447148616206393,6.144079377642137,0.4172189563081867,0.311671591000008,0.6956858783696622,0.47350555295166663,0.5243335595752546,2196.619393052389,108.8739713071555,98.90420079077576,9.58287597873712,68.48965459929398,0.14373846944481883,0.3990065947122663,0.7481535959814211,0.4781575076381344,59.926091782713314,24.828411844011544,22.53115985567238,13.57769325324247,23.45967117683273,11.951006350801963,11.938853479777247,17.576137027588224,16.904885302285614,57.91724270554482,sec,Southeastern Conference,0.9933516507394594,0.3744074397425325,0.7184564297491446
2026,1403,32.946876844705535,24.84529535565986,7.984471830522879,0.7542338898362906,2668.113042634415,2220.4420967323413,80.96879989503275,67.96146074915283,13.137026180649192,13.311607686883155,0.4699809297221326,0.3780996111754355,0.7652695370471192,0.5558493726018683,0.5897820117917657,2232.6392706623856,119.06514959280942,99.27645217812992,19.11586057911165,67.8431347603319,0.12147154829082608,0.322868179866601,0.7303120692128559,0.5918467870070115,60.31731563056431,18.087798825132698,27.03665743369113,9.796598528824635,23.299975860256055,9.426273654076773,16.60982812414567,14.280846776054762,6.678599403426297,58.02323568481898,big_twelve,Big 12 Conference,1.0103135378995494,0.44817842946367215,0.7307104379671846
2026,1407,30.97285770351321,20.941137267283008,10.33409609108819,0.6789729710088342,2248.0672856865676,2042.0765738891826,72.81341498696172,65.65020087458302,6.491684517568029,6.70641857760579,0.4331927754809203,0.30404422858874713,0.7252409895314873,0.5003689638931249,0.5482261345413441,2087.3562269729814,107.77677369057322,98.27685511442728,9.386006377268915,67.30171565668718,0.15691812713653408,0.37721426549561793,0.7020289578919617,0.5520510051031843,56.618305813596834,21.35028590004672,25.605413632526968,11.73813850041242,22.054695040466637,12.345442783773079,13.662575048286989,105.84795327466739,101.1223504295708,55.01726484855208,sun_belt,Sun Belt Conference,0.03092547457502213,0.4467405927729743,0.8361079138253191
2026,1417,31.960001390630538,22.161355116038663,10.25112730809496,0.6932527467096143,2400.620288751884,2100.4920917601175,74.66634958455086,65.44745325032117,9.305143187072524,8.51605919358072,0.46631324826145576,0.3513747738167813,0.7049844392287608,0.5280208866022432,0.5645785271844318,2116.399421450026,112.22365366679705,98.97498238219178,13.208797059219883,66.1958738077114,0.1313300205021389,0.3195097302841401,0.7222305900045477,0.6061226134277452,57.82448935588602,18.987026982431818,20.562380319056086,9.629116400655873,20.250367204623092,9.995899491155008,16.42657522333669,28.683326584403797,28.07511780507322,58.07590798082406,big_ten,Big Ten Conference,1.0280358276186388,0.3564229958890158,0.5359333295849239
2026,1423,31.990799756382977,24.76632857647368,7.061585981604528,0.7842812594752157,2452.8634432566714,2255.5707278655104,76.56363894763149,69.87904126696577,6.739359411053407,6.474427610341445,0.4624680343275401,0.32977310447588537,0.7545031809386303,0.5229769122903142,0.5700382151221312,2148.3810284671154,113.60285533193512,103.77139003691724,9.800403583163476,67.44171209878525,0.13170455260561104,0.34598202111848525,0.7456530232511007,0.5419861360431799,57.93675038660925,21.88479855696272,20.59026556361222,10.34604053660853,24.113959887915854,10.17200475680722,14.528473236552196,102.86363150365801,91.82916892241008,55.03855806938895,caa,Coastal Athletic Association,0.00028807588013784406,0.3637057681854796,0.5854760358514146
2026,1435,32.06965847054312,20.005396368951324,11.878206434739148,0.6135907808718231,2553.475266693398,2402.4604688945888,79.5212806953672,74.67100307222015,4.461556314993241,4.635281231352059,0.45020150456373337,0.3264356522581865,0.7498809262044334,0.5172182140518168,0.5590975678495217,2275.3805821593974,112.42189658840107,105.61485342594422,6.858252487024032,70.7546631004521,0.1214245664761835,0.29553818551967226,0.722245647488421,0.5019829377562951,61.74652964660621,20.966927824871245,24.91883233820562,9.936455008127258,21.50806714440634,9.693373243217652,14.014320279249898,45.62040799345462,46.40061560795143,56.83361830603839,sec,Southeastern Conference,0.9413987436466857,0.40506701912104576,0.5866478117681893
2026,1458,35.01026263217015,25.914703572175974,8.822445083424181,0.744372702848057,2787.2071570744733,2456.77044516942,79.8188766780381,70.60065899962092,9.281747057847964,9.615776734669561,0.4516713386346768,0.34913079057329954,0.8287481385729958,0.5340411671194734,0.5872068194535024,2436.0707623095477,114.57848929256757,101.56224783120241,12.684727356962938,69.48174582532118,0.12139956400256162,0.24586244666448173,0.7521535507333108,0.5488821593346324,59.097328331787416,20.031074183076804,28.398860686559807,7.752319091214755,25.63727079732189,9.384514869699524,14.611740690650768,15.321009448345661,14.046779025601412,57.94507490734432,big_ten,Big Ten Conference,1.0127043626146786,0.4812420044020212,0.6592717539625417
2026,1459,31.98963371007846,16.942273628777667,15.190121455047993,0.5316086830989764,2347.765128263982,2263.9742357307923,73.04420719925386,70.7074271699494,2.546153651380428,2.8138329459517704,0.44969206646972026,0.34577916220201055,0.6707672019479156,0.5330603083218609,0.5594381397956764,2100.5175664087296,112.38822346277013,108.32764137746929,4.414466466408156,65.1407287987878,0.13218726639478376,0.3358674805582338,0.7588897010163974,0.551817447279016,57.57441260519404,17.80494154403904,27.52724305540696,10.557519384166989,22.98110164066107,9.994107656895856,14.251869595100608,141.16327308588276,141.28479185176775,55.0096726940254,southern,Southern Conference,-0.05457103150558921,0.47199991139813857,0.8153246829276868
2026,1462,31.932323269840772,21.176656464829215,11.041938093885513,0.658310920256092,2505.7147416350126,2264.5179257874042,78.17864927431401,70.4991097397308,7.07891936569739,7.329577587251998,0.46524938623495643,0.3882515907068279,0.7911296031001058,0.539916098007269,0.5908058433876042,2243.744163596619,110.80727008116583,101.31919021761692,10.446716030721594,70.37020248685975,0.13777646889563747,0.21319318789510389,0.7658718879524269,0.642048017403437,56.85019416993348,21.044039761158345,21.176019628289016,6.019326057058605,24.049974292992694,10.555505688319174,16.816689365445274,43.35644750402466,40.29609246441059,56.98635375699608,big_east,Big East Conference,1.0361418883905857,0.3758249181288458,0.37416318462860015
2026,1463,27.890564712924785,21.09480012857767,7.076636949618673,0.7580477348435649,2247.0613532459265,1973.5676027382065,80.87542254727583,70.68057893294723,10.410141748482015,10.171023010823927,0.48640502108705663,0.3850075955500656,0.7357145500235148,0.5479740376052247,0.5821670912116974,1930.519912133605,116.791636830645,102.18259793571983,14.976965685271129,69.42592152232719,0.11890589624283382,0.3079901382795398,0.766175537631805,0.5342906531938989,60.8356472390076,19.41414453463246,19.606354148909126,9.311036164100425,25.893740098764955,9.502935837057159,15.615886498734564,75.52511492299998,73.20645384803184,55.033426997057205,ivy,Ivy League,0.004166916524636431,0.31621970147064066,0.43323500507985946
